Model,SAE,lm_loss,lm_loss_se,e2e_loss,e2e_loss_se,recon_l2,recon_l2_se,sparsity_l1,sparsity_l1_se,lm_acc,lm_acc_se,e2e_acc,e2e_acc_se
base,base,1.2801439152197405,0.010439435319143937,2.438340933713046,0.008435083742338078,0.05271431756832383,0.000560962411392322,0.009754980478097091,1.2789956915110018e-05,0.6575541161014781,0.0021690008901694923,0.4635961267532782,0.0013183865552561175
adv,adv,1.2343716017983177,0.00885653160587777,3.0307833166989413,0.007362103529038302,0.22180035689744082,0.00018965996814521743,0.010596292701634494,1.2506716455988478e-05,0.6613266194268832,0.0019767823672978834,0.3896786922186502,0.0010112968351248795
adv,post_adv,1.2343716017983177,0.00885653160587777,3.4773378431146793,0.007259912554206388,0.2428906488201835,0.0001782197907245865,0.011605634009973569,1.6264484887295943e-05,0.6613266194268832,0.0019767823672978834,0.343002422096093,0.0007362506619176345
